Country,2010,2010_lower, 2010_upper, 2010_Footnote, 2011,2011_lower, 2011_upper, 2011_Footnote, 2012,2012_lower, 2012_upper, 2012_Footnote, 2013,2013_lower, 2013_upper, 2013_Footnote, 2014,2014_lower, 2014_upper, 2014_Footnote, 2015,2015_lower, 2015_upper, 2015_Footnote, 2016,2016_lower, 2016_upper, 2016_Footnote, 2017,2017_lower, 2017_upper, 2017_Footnote, 2018,2018_lower, 2018_upper, 2018_Footnote, 2019,2019_lower, 2019_upper, 2019_Footnote, 2020,2020_lower, 2020_upper, 2020_Footnote, 2021,2021_lower, 2021_upper, 2021_Footnote, 2022,2022_lower, 2022_upper, 2022_Footnote, 2022,2022_Footnote
Afghanistan,<1000 ,<500 , 1700,,<1000 ,<500 , 1900,,<1000 ,<500 , 2000,,<1000 ,<500 , 2200,,<1000 ,<500 , 2400,,<1000 ,<500 , 2500,,<1000 ,<500 , 2600,,<1000 ,<500 , 2500,,<1000 ,<500 , 2600,,<1000 ,<500 , 2700,,<1000 ,<500 , 2800,,<1000 ,<500 , 2900,,<1000 ,<500 , 3200,,46,
Albania,<100 ,<100 , <100,"Children estimates were not available at the time of publication.",<100 ,<100 , <100,"Children estimates were not available at the time of publication.",<100 ,<100 , <100,"Children estimates were not available at the time of publication.",<100 ,<100 , <100,"Children estimates were not available at the time of publication.",<100 ,<100 , <100,"Children estimates were not available at the time of publication.",<100 ,<100 , <100,"Children estimates were not available at the time of publication.",<100 ,<100 , <100,"Children estimates were not available at the time of publication.",<100 ,<100 , <100,"Children estimates were not available at the time of publication.",<100 ,<100 , <100,"Children estimates were not available at the time of publication.",<100 ,<100 , <100,"Children estimates were not available at the time of publication.",<100 ,<100 , <100,"Children estimates were not available at the time of publication.",<100 ,<100 , <100,"Children estimates were not available at the time of publication.",<100 ,<100 , <100,"Children estimates were not available at the time of publication.",29,"Children estimates were not available at the time of publication."
Algeria,<500 ,<500 , <500,,<500 ,<500 , <500,,<500 ,<500 , <500,,<500 ,<500 , <500,,<500 ,<500 , <500,,<500 ,<500 , <500,,<500 ,<500 , <500,,<500 ,<500 , <500,,<500 ,<500 , <500,,<500 ,<500 , <500,,<500 ,<500 , <500,,<500 ,<500 , <500,,<500 ,<500 , <500,,40,
Angola,16 000 ,12 000 , 20 000,,16 000 ,13 000 , 20 000,,17 000 ,14 000 , 21 000,,17 000 ,13 000 , 20 000,,15 000 ,12 000 , 19 000,,15 000 ,12 000 , 19 000,,16 000 ,13 000 , 20 000,,17 000 ,14 000 , 22 000,,17 000 ,14 000 , 22 000,,17 000 ,13 000 , 22 000,,16 000 ,13 000 , 21 000,,14 000 ,11 000 , 19 000,,13 000 ,10 000 , 17 000,,-17,
Argentina,1400 ,1000 , 1700,,1400 ,1000 , 1700,,1400 ,1000 , 1700,,1300 ,<1000 , 1700,,1300 ,<1000 , 1700,,1400 ,1000 , 1700,,1400 ,1000 , 1800,,1400 ,1100 , 1800,,1500 ,1100 , 1800,,1500 ,1100 , 1800,,1400 ,1000 , 1800,,1400 ,1000 , 1700,,1300 ,<1000 , 1600,,-9,
Armenia,<100 ,<100 , <100,,<100 ,<100 , <100,,<100 ,<100 , <100,,<100 ,<100 , <100,,<100 ,<100 , <100,,<100 ,<100 , <100,,<100 ,<100 , <200,,<100 ,<100 , <100,,<100 ,<100 , <100,,<100 ,<100 , <100,,<100 ,<100 , <200,,<100 ,<100 , <200,,<100 ,<100 , <200,,145,
Australia,<200 ,<100 , <200,"Children estimates were not available at the time of publication.",<200 ,<100 , <200,"Children estimates were not available at the time of publication.",<100 ,<100 , <200,"Children estimates were not available at the time of publication.",<100 ,<100 , <200,"Children estimates were not available at the time of publication.",<100 ,<100 , <200,"Children estimates were not available at the time of publication.",<100 ,<100 , <200,"Children estimates were not available at the time of publication.",<100 ,<100 , <200,"Children estimates were not available at the time of publication.",<100 ,<100 , <200,"Children estimates were not available at the time of publication.",<100 ,<100 , <200,"Children estimates were not available at the time of publication.",<100 ,<100 , <200,"Children estimates were not available at the time of publication.",<100 ,<100 , <200,"Children estimates were not available at the time of publication.",<100 ,<100 , <200,"Children estimates were not available at the time of publication.",... ,... , ...,"Children estimates were not available at the time of publication.",...,"Children estimates were not available at the time of publication."
Austria,... ,... , ...,"Estimates were not available at the time of publication.",... ,... , ...,"Estimates were not available at the time of publication.",... ,... , ...,"Estimates were not available at the time of publication.",... ,... , ...,"Estimates were not available at the time of publication.",... ,... , ...,"Estimates were not available at the time of publication.",... ,... , ...,"Estimates were not available at the time of publication.",... ,... , ...,"Estimates were not available at the time of publication.",... ,... , ...,"Estimates were not available at the time of publication.",... ,... , ...,"Estimates were not available at the time of publication.",... ,... , ...,"Estimates were not available at the time of publication.",... ,... , ...,"Estimates were not available at the time of publication.",... ,... , ...,"Estimates were not available at the time of publication.",... ,... , ...,"Estimates were not available at the time of publication.",...,"Estimates were not available at the time of publication."
Azerbaijan,<500 ,<500 , <1000,,<500 ,<500 , <500,,<500 ,<500 , <500,,<500 ,<500 , <500,,<500 ,<200 , <500,,<500 ,<200 , <500,,<200 ,<200 , <500,,<200 ,<200 , <500,,<200 ,<100 , <200,,<200 ,<100 , <200,,<100 ,<100 , <200,,<100 ,<100 , <100,,<100 ,<100 , <100,,-80,
Bahamas,<200 ,<100 , <200,,<200 ,<200 , <200,,<200 ,<200 , <200,,<200 ,<200 , <200,,<200 ,<200 , <200,,<200 ,<100 , <200,,<200 ,<200 , <200,,<200 ,<100 , <200,,<100 ,<100 , <100,,<100 ,<100 , <100,,... ,... , ...,,... ,... , ...,,... ,... , ...,,...,
Bahrain,... ,... , ...,"Estimates were not available at the time of publication.",... ,... , ...,"Estimates were not available at the time of publication.",... ,... , ...,"Estimates were not available at the time of publication.",... ,... , ...,"Estimates were not available at the time of publication.",... ,... , ...,"Estimates were not available at the time of publication.",... ,... , ...,"Estimates were not available at the time of publication.",... ,... , ...,"Estimates were not available at the time of publication.",... ,... , ...,"Estimates were not available at the time of publication.",... ,... , ...,"Estimates were not available at the time of publication.",... ,... , ...,"Estimates were not available at the time of publication.",... ,... , ...,"Estimates were not available at the time of publication.",... ,... , ...,"Estimates were not available at the time of publication.",... ,... , ...,"Estimates were not available at the time of publication.",...,"Estimates were not available at the time of publication."
Bangladesh,<500 ,<500 , <500,,<500 ,<500 , <500,,<500 ,<500 , <500,,<500 ,<500 , <1000,,<500 ,<500 , <1000,,<1000 ,<500 , <1000,,<1000 ,<500 , <1000,,<1000 ,<500 , <1000,,<1000 ,<500 , <1000,,<1000 ,<1000 , <1000,,<1000 ,<1000 , <1000,,<1000 ,<1000 , <1000,,<1000 ,<1000 , <1000,,83,
Barbados,<100 ,<100 , <100,,<100 ,<100 , <100,,<100 ,<100 , <100,,<100 ,<100 , <100,,<100 ,<100 , <100,,<100 ,<100 , <100,,<100 ,<100 , <100,,<100 ,<100 , <100,,<100 ,<100 , <100,,<100 ,<100 , <100,,<100 ,<100 , <100,,<100 ,<100 , <100,,<100 ,<100 , <100,,4,
Belarus,<500 ,<500 , <500,,<500 ,<500 , <1000,,<500 ,<500 , <1000,,<500 ,<500 , <1000,,<500 ,<500 , <1000,,<500 ,<500 , <1000,,<500 ,<500 , <1000,,<500 ,<500 , <1000,,<500 ,<200 , <1000,,<500 ,<200 , <500,,<500 ,<200 , <1000,,<500 ,<200 , <1000,,<500 ,<200 , <1000,,-10,
Belgium,<100 ,<100 , <100,"Children estimates were not available at the time of publication.",<100 ,<100 , <100,"Children estimates were not available at the time of publication.",<100 ,<100 , <100,"Children estimates were not available at the time of publication.",<100 ,<100 , <100,"Children estimates were not available at the time of publication.",<100 ,<100 , <100,"Children estimates were not available at the time of publication.",<100 ,<100 , <100,"Children estimates were not available at the time of publication.",<100 ,<100 , <100,"Children estimates were not available at the time of publication.",<100 ,<100 , <100,"Children estimates were not available at the time of publication.",<100 ,<100 , <100,"Children estimates were not available at the time of publication.",<100 ,<100 , <100,"Children estimates were not available at the time of publication.",<100 ,<100 , <100,"Children estimates were not available at the time of publication.",<100 ,<100 , <100,"Children estimates were not available at the time of publication.",<100 ,<100 , <100,"Children estimates were not available at the time of publication.",-24,"Children estimates were not available at the time of publication."
Belize,<100 ,<100 , <200,,<100 ,<100 , <200,,<100 ,<100 , <200,,<100 ,<100 , <200,,<200 ,<100 , <200,,<200 ,<100 , <200,,<200 ,<100 , <200,,<200 ,<100 , <200,,<200 ,<100 , <200,,<200 ,<100 , <200,,<200 ,<100 , <200,,<200 ,<100 , <200,,<200 ,<100 , <200,,14,
Benin,2800 ,2200 , 3600,,2700 ,2100 , 3600,,2700 ,2100 , 3600,,2800 ,2000 , 3800,,3100 ,2200 , 4200,,2900 ,2100 , 3900,,2600 ,1900 , 3600,,2500 ,1700 , 3400,,2600 ,1800 , 3500,,2400 ,1700 , 3300,,2000 ,1400 , 2900,,2000 ,1300 , 2800,,1900 ,1300 , 2600,,-33,
Bhutan,<100 ,<100 , <100,,<100 ,<100 , <100,,<100 ,<100 , <100,,<100 ,<100 , <100,,<100 ,<100 , <100,,<100 ,<100 , <100,,<100 ,<100 , <100,,<100 ,<100 , <100,,<100 ,<100 , <100,,<100 ,<100 , <100,,<100 ,<100 , <100,,<100 ,<100 , <100,,<100 ,<100 , <100,,-42,
Bolivia (Plurinational State of),1200 ,<1000 , 1500,,1300 ,1000 , 1600,,1300 ,<1000 , 1600,,1200 ,<1000 , 1500,,1200 ,<1000 , 1500,,1100 ,<1000 , 1400,,1000 ,<1000 , 1400,,<1000 ,<1000 , 1300,,<1000 ,<1000 , 1200,,<1000 ,<1000 , 1100,,<1000 ,<500 , 1000,,<1000 ,<500 , 1000,,<1000 ,<500 , 1000,,-45,
Bosnia and Herzegovina,... ,... , ...,"Estimates were not available at the time of publication.",... ,... , ...,"Estimates were not available at the time of publication.",... ,... , ...,"Estimates were not available at the time of publication.",... ,... , ...,"Estimates were not available at the time of publication.",... ,... , ...,"Estimates were not available at the time of publication.",... ,... , ...,"Estimates were not available at the time of publication.",... ,... , ...,"Estimates were not available at the time of publication.",... ,... , ...,"Estimates were not available at the time of publication.",... ,... , ...,"Estimates were not available at the time of publication.",... ,... , ...,"Estimates were not available at the time of publication.",... ,... , ...,"Estimates were not available at the time of publication.",... ,... , ...,"Estimates were not available at the time of publication.",... ,... , ...,"Estimates were not available at the time of publication.",...,"Estimates were not available at the time of publication."
Botswana,6000 ,5400 , 6700,,5600 ,5000 , 6300,,5100 ,4500 , 5800,,4900 ,4300 , 5600,,4600 ,4100 , 5400,,4600 ,4000 , 5300,,4600 ,4000 , 5500,,4500 ,3800 , 5300,,4500 ,3900 , 5300,,4400 ,3700 , 5000,,3900 ,3300 , 4500,,3900 ,3300 , 4600,,3800 ,3200 , 4500,,-36,
Brazil,15 000 ,13 000 , 18 000,,16 000 ,13 000 , 19 000,,16 000 ,13 000 , 19 000,,16 000 ,13 000 , 19 000,,17 000 ,13 000 , 20 000,,17 000 ,13 000 , 20 000,,16 000 ,12 000 , 19 000,,15 000 ,12 000 , 18 000,,14 000 ,11 000 , 18 000,,14 000 ,11 000 , 18 000,,14 000 ,11 000 , 17 000,,14 000 ,10 000 , 17 000,,13 000 ,9800 , 16 000,,-15,
Brunei Darussalam,... ,... , ...,"Estimates were not available at the time of publication.",... ,... , ...,"Estimates were not available at the time of publication.",... ,... , ...,"Estimates were not available at the time of publication.",... ,... , ...,"Estimates were not available at the time of publication.",... ,... , ...,"Estimates were not available at the time of publication.",... ,... , ...,"Estimates were not available at the time of publication.",... ,... , ...,"Estimates were not available at the time of publication.",... ,... , ...,"Estimates were not available at the time of publication.",... ,... , ...,"Estimates were not available at the time of publication.",... ,... , ...,"Estimates were not available at the time of publication.",... ,... , ...,"Estimates were not available at the time of publication.",... ,... , ...,"Estimates were not available at the time of publication.",... ,... , ...,"Estimates were not available at the time of publication.",...,"Estimates were not available at the time of publication."
Bulgaria,<100 ,<100 , <100,"Children estimates were not available at the time of publication.",<100 ,<100 , <100,"Children estimates were not available at the time of publication.",<100 ,<100 , <100,"Children estimates were not available at the time of publication.",<100 ,<100 , <100,"Children estimates were not available at the time of publication.",<100 ,<100 , <100,"Children estimates were not available at the time of publication.",<100 ,<100 , <100,"Children estimates were not available at the time of publication.",<100 ,<100 , <100,"Children estimates were not available at the time of publication.",<100 ,<100 , <100,"Children estimates were not available at the time of publication.",<100 ,<100 , <100,"Children estimates were not available at the time of publication.",<100 ,<100 , <100,"Children estimates were not available at the time of publication.",<100 ,<100 , <100,"Children estimates were not available at the time of publication.",<100 ,<100 , <100,"Children estimates were not available at the time of publication.",<100 ,<100 , <100,"Children estimates were not available at the time of publication.",-42,"Children estimates were not available at the time of publication."
Burkina Faso,6200 ,4900 , 8000,,5800 ,4600 , 7500,,5600 ,4500 , 7200,,5600 ,4300 , 7200,,5300 ,4100 , 6800,,5000 ,4000 , 6500,,4600 ,3700 , 6000,,4200 ,3400 , 5600,,3800 ,3000 , 5200,,3600 ,2800 , 4800,,3200 ,2500 , 4200,,2800 ,2100 , 3800,,2600 ,1900 , 3500,,-58,
Burundi,6100 ,5100 , 7400,,5400 ,4400 , 6500,,4900 ,4000 , 5900,,4500 ,3700 , 5500,,4200 ,3300 , 5200,,3700 ,2900 , 4700,,2900 ,2300 , 3800,,2400 ,1900 , 3200,,2000 ,1600 , 2800,,1800 ,1400 , 2600,,1500 ,1100 , 2300,,1300 ,<1000 , 2100,,1300 ,<1000 , 2000,,-80,
Cabo Verde,<100 ,<100 , <200,,<100 ,<100 , <200,,<100 ,<100 , <100,,<100 ,<100 , <100,,<100 ,<100 , <100,,<100 ,<100 , <100,,<100 ,<100 , <100,,<100 ,<100 , <100,,<100 ,<100 , <100,,<100 ,<100 , <100,,<100 ,<100 , <100,,<100 ,<100 , <100,,<100 ,<100 , <100,,-19,
Cambodia,1600 ,1200 , 2000,,1500 ,1200 , 2000,,1600 ,1200 , 2100,,1800 ,1300 , 2400,,1900 ,1300 , 2500,,2000 ,1300 , 2500,,1900 ,1300 , 2400,,1700 ,1200 , 2200,,1600 ,1100 , 2100,,1400 ,<1000 , 1800,,1300 ,<1000 , 1700,,1200 ,<1000 , 1500,,1100 ,<1000 , 1400,,-30,
Cameroon,26 000 ,23 000 , 31 000,,26 000 ,23 000 , 31 000,,25 000 ,22 000 , 29 000,,24 000 ,21 000 , 28 000,,24 000 ,21 000 , 29 000,,24 000 ,21 000 , 28 000,,23 000 ,19 000 , 26 000,,20 000 ,17 000 , 23 000,,17 000 ,14 000 , 20 000,,15 000 ,13 000 , 18 000,,13 000 ,11 000 , 16 000,,12 000 ,9800 , 14 000,,10 000 ,8600 , 12 000,,-61,
Canada,<1000 ,<1000 , <1000,,<1000 ,<1000 , 1100,,<1000 ,<1000 , 1200,,<1000 ,<500 , <1000,,<500 ,<500 , <500,,<500 ,<500 , <500,,<500 ,<500 , <500,,<500 ,<500 , <500,,<500 ,<500 , <500,,<500 ,<500 , <500,,<500 ,<500 , <500,,... ,... , ...,,... ,... , ...,,...,
Central African Republic,9500 ,7900 , 12 000,,9600 ,8000 , 12 000,,9500 ,8000 , 11 000,,9200 ,7700 , 11 000,,8400 ,7000 , 10 000,,7000 ,5700 , 8900,,6300 ,5000 , 8200,,6100 ,4700 , 8100,,5900 ,4400 , 8000,,5400 ,3900 , 7700,,5000 ,3400 , 7500,,4800 ,3000 , 7700,,4500 ,2700 , 7700,,-53,
Chad,4100 ,2800 , 6200,,4200 ,2800 , 6300,,4200 ,2700 , 6200,,4200 ,2600 , 6100,,4300 ,2600 , 6200,,4300 ,2800 , 6100,,4200 ,2800 , 5800,,4000 ,2800 , 5600,,3800 ,2700 , 5200,,3500 ,2500 , 4900,,3300 ,2300 , 4500,,3000 ,2200 , 4200,,2800 ,2000 , 3900,,-34,
Chile,... ,... , ...,,... ,... , ...,,... ,... , ...,,... ,... , ...,,... ,... , ...,,... ,... , ...,,... ,... , ...,,... ,... , ...,,... ,... , ...,,... ,... , ...,,... ,... , ...,,... ,... , ...,,... ,... , ...,,...,
China,... ,... , ...,"Estimates were not available at the time of publication.",... ,... , ...,"Estimates were not available at the time of publication.",... ,... , ...,"Estimates were not available at the time of publication.",... ,... , ...,"Estimates were not available at the time of publication.",... ,... , ...,"Estimates were not available at the time of publication.",... ,... , ...,"Estimates were not available at the time of publication.",... ,... , ...,"Estimates were not available at the time of publication.",... ,... , ...,"Estimates were not available at the time of publication.",... ,... , ...,"Estimates were not available at the time of publication.",... ,... , ...,"Estimates were not available at the time of publication.",... ,... , ...,"Estimates were not available at the time of publication.",... ,... , ...,"Estimates were not available at the time of publication.",... ,... , ...,"Estimates were not available at the time of publication.",...,"Estimates were not available at the time of publication."
Colombia,6000 ,4300 , 8000,,4700 ,3300 , 6300,,3800 ,2500 , 5300,,3300 ,2100 , 4700,,2900 ,1800 , 4300,,2500 ,1600 , 3700,,2300 ,1500 , 3400,,2300 ,1400 , 3700,,2400 ,1500 , 3900,,2000 ,1400 , 3000,,1700 ,1200 , 2500,,1400 ,<1000 , 2300,,1500 ,1000 , 2400,,-75,
Comoros,<100 ,<100 , <100,,<100 ,<100 , <100,,<100 ,<100 , <100,,<100 ,<100 , <100,,<100 ,<100 , <100,,<100 ,<100 , <100,,<100 ,<100 , <100,,<100 ,<100 , <100,,<100 ,<100 , <100,,<100 ,<100 , <100,,<100 ,<100 , <100,,<100 ,<100 , <100,,<100 ,<100 , <100,,-60,
Congo,5100 ,4300 , 6100,,5100 ,4200 , 6200,,5400 ,4500 , 6400,,5800 ,4900 , 6900,,6000 ,5100 , 7200,,6400 ,5400 , 7600,,6500 ,5500 , 7900,,6700 ,5500 , 8100,,6900 ,5600 , 8400,,7100 ,5700 , 9000,,7400 ,5800 , 9600,,7600 ,5800 , 10 000,,7700 ,5600 , 11 000,,50,
Costa Rica,<200 ,<200 , <200,,<200 ,<100 , <200,,<200 ,<100 , <200,,<200 ,<200 , <500,,<500 ,<200 , <500,,<500 ,<200 , <500,,<500 ,<200 , <500,,<500 ,<200 , <500,,<200 ,<200 , <500,,<200 ,<200 , <500,,<200 ,<200 , <500,,<200 ,<200 , <500,,<200 ,<200 , <500,,-7,
Croatia,<100 ,<100 , <100,,<100 ,<100 , <100,,<100 ,<100 , <100,,<100 ,<100 , <100,,<100 ,<100 , <100,,<100 ,<100 , <100,,<100 ,<100 , <100,,<100 ,<100 , <100,,<100 ,<100 , <100,,<100 ,<100 , <100,,<100 ,<100 , <100,,<100 ,<100 , <100,,<100 ,<100 , <100,,-33,
Cuba,<500 ,<200 , <500,,<500 ,<200 , <500,,<500 ,<500 , <500,,<500 ,<500 , <500,,<500 ,<500 , <500,,<500 ,<500 , <500,,<500 ,<500 , <500,,<500 ,<500 , <500,,<500 ,<200 , <500,,<500 ,<200 , <500,,<500 ,<200 , <500,,<500 ,<500 , <1000,,<500 ,<500 , <1000,,49,
Cyprus,<100 ,<100 , <100,"Children estimates were not available at the time of publication.",<100 ,<100 , <100,"Children estimates were not available at the time of publication.",<100 ,<100 , <100,"Children estimates were not available at the time of publication.",<100 ,<100 , <100,"Children estimates were not available at the time of publication.",<100 ,<100 , <100,"Children estimates were not available at the time of publication.",<100 ,<100 , <100,"Children estimates were not available at the time of publication.",<100 ,<100 , <100,"Children estimates were not available at the time of publication.",<100 ,<100 , <100,"Children estimates were not available at the time of publication.",<100 ,<100 , <100,"Children estimates were not available at the time of publication.",<100 ,<100 , <100,"Children estimates were not available at the time of publication.",<100 ,<100 , <100,"Children estimates were not available at the time of publication.",<100 ,<100 , <100,"Children estimates were not available at the time of publication.",... ,... , ...,"Children estimates were not available at the time of publication.",...,"Children estimates were not available at the time of publication."
Czechia,<100 ,<100 , <100,"Children estimates were not available at the time of publication.",<100 ,<100 , <100,"Children estimates were not available at the time of publication.",<100 ,<100 , <100,"Children estimates were not available at the time of publication.",<100 ,<100 , <100,"Children estimates were not available at the time of publication.",<100 ,<100 , <100,"Children estimates were not available at the time of publication.",<100 ,<100 , <100,"Children estimates were not available at the time of publication.",<100 ,<100 , <100,"Children estimates were not available at the time of publication.",<100 ,<100 , <100,"Children estimates were not available at the time of publication.",<100 ,<100 , <100,"Children estimates were not available at the time of publication.",<100 ,<100 , <100,"Children estimates were not available at the time of publication.",<100 ,<100 , <100,"Children estimates were not available at the time of publication.",<100 ,<100 , <100,"Children estimates were not available at the time of publication.",<100 ,<100 , <100,"Children estimates were not available at the time of publication.",-35,"Children estimates were not available at the time of publication."
CÃ´te d'Ivoire,34 000 ,28 000 , 41 000,,31 000 ,26 000 , 39 000,,28 000 ,23 000 , 35 000,,26 000 ,21 000 , 33 000,,24 000 ,20 000 , 30 000,,22 000 ,18 000 , 28 000,,20 000 ,16 000 , 25 000,,18 000 ,15 000 , 23 000,,15 000 ,12 000 , 20 000,,13 000 ,10 000 , 17 000,,11 000 ,8900 , 15 000,,10 000 ,8100 , 14 000,,10 000 ,7700 , 13 000,,-70,
Democratic People's Republic of Korea,... ,... , ...,"Estimates were not available at the time of publication.",... ,... , ...,"Estimates were not available at the time of publication.",... ,... , ...,"Estimates were not available at the time of publication.",... ,... , ...,"Estimates were not available at the time of publication.",... ,... , ...,"Estimates were not available at the time of publication.",... ,... , ...,"Estimates were not available at the time of publication.",... ,... , ...,"Estimates were not available at the time of publication.",... ,... , ...,"Estimates were not available at the time of publication.",... ,... , ...,"Estimates were not available at the time of publication.",... ,... , ...,"Estimates were not available at the time of publication.",... ,... , ...,"Estimates were not available at the time of publication.",... ,... , ...,"Estimates were not available at the time of publication.",... ,... , ...,"Estimates were not available at the time of publication.",...,"Estimates were not available at the time of publication."
Democratic Republic of the Congo,43 000 ,35 000 , 50 000,,42 000 ,34 000 , 49 000,,40 000 ,32 000 , 47 000,,37 000 ,29 000 , 44 000,,35 000 ,28 000 , 42 000,,32 000 ,25 000 , 38 000,,27 000 ,20 000 , 33 000,,22 000 ,17 000 , 28 000,,20 000 ,14 000 , 26 000,,20 000 ,14 000 , 26 000,,19 000 ,13 000 , 25 000,,14 000 ,10 000 , 19 000,,12 000 ,8900 , 16 000,,-72,
Denmark,<100 ,<100 , <100,,<100 ,<100 , <100,,<100 ,<100 , <100,,<100 ,<100 , <100,,<100 ,<100 , <100,,<100 ,<100 , <100,,<100 ,<100 , <100,,<100 ,<100 , <100,,<100 ,<100 , <100,,<100 ,<100 , <100,,<100 ,<100 , <100,,<100 ,<100 , <100,,<100 ,<100 , <100,,-21,
Djibouti,... ,... , ...,"Estimates were not available at the time of publication.",... ,... , ...,"Estimates were not available at the time of publication.",... ,... , ...,"Estimates were not available at the time of publication.",... ,... , ...,"Estimates were not available at the time of publication.",... ,... , ...,"Estimates were not available at the time of publication.",... ,... , ...,"Estimates were not available at the time of publication.",... ,... , ...,"Estimates were not available at the time of publication.",... ,... , ...,"Estimates were not available at the time of publication.",... ,... , ...,"Estimates were not available at the time of publication.",... ,... , ...,"Estimates were not available at the time of publication.",... ,... , ...,"Estimates were not available at the time of publication.",... ,... , ...,"Estimates were not available at the time of publication.",... ,... , ...,"Estimates were not available at the time of publication.",...,"Estimates were not available at the time of publication."
Dominican Republic,3300 ,2700 , 4200,,3200 ,2600 , 4100,,3100 ,2500 , 3900,,3000 ,2400 , 3800,,2800 ,2200 , 3600,,2500 ,2000 , 3300,,2500 ,1900 , 3300,,2500 ,1900 , 3300,,2400 ,1800 , 3200,,2300 ,1700 , 3000,,2100 ,1600 , 2900,,1900 ,1300 , 2600,,1500 ,1100 , 2100,,-54,
Ecuador,<1000 ,<1000 , 1300,,<1000 ,<1000 , 1200,,<1000 ,<1000 , 1200,,1000 ,<1000 , 1400,,1100 ,<1000 , 1400,,<1000 ,<1000 , 1200,,<1000 ,<1000 , 1000,,<1000 ,<500 , <1000,,<1000 ,<500 , <1000,,<500 ,<500 , <1000,,<500 ,<500 , <1000,,<500 ,<500 , <1000,,<500 ,<500 , <1000,,-62,
Egypt,<200 ,<200 , <500,,<200 ,<200 , <500,,<500 ,<200 , <500,,<500 ,<500 , <500,,<500 ,<500 , <500,,<500 ,<500 , <500,,<500 ,<500 , <500,,<500 ,<500 , <500,,<500 ,<500 , <500,,<500 ,<500 , <1000,,<500 ,<500 , <1000,,<500 ,<500 , <1000,,<1000 ,<500 , <1000,,197,
El Salvador,<500 ,<500 , <500,,<500 ,<200 , <500,,<500 ,<500 , <500,,<500 ,<500 , <500,,<500 ,<500 , <1000,,<500 ,<500 , <1000,,<500 ,<500 , <1000,,<500 ,<500 , <1000,,<1000 ,<500 , <1000,,<500 ,<500 , <1000,,<500 ,<500 , <1000,,<500 ,<500 , <1000,,<500 ,<500 , <500,,30,
Equatorial Guinea,2300 ,1800 , 2900,,2400 ,1900 , 3000,,2300 ,1800 , 3000,,2200 ,1700 , 2900,,2200 ,1600 , 2900,,2300 ,1700 , 3100,,2500 ,1900 , 3300,,2500 ,1800 , 3300,,2500 ,1800 , 3300,,2600 ,1900 , 3600,,2700 ,1900 , 3900,,2700 ,1800 , 3900,,2800 ,1800 , 4000,,21,
Eritrea,<1000 ,<500 , 1000,,<1000 ,<500 , <1000,,<1000 ,<500 , <1000,,<500 ,<500 , <1000,,<500 ,<200 , <1000,,<500 ,<200 , <1000,,<500 ,<200 , <1000,,<500 ,<200 , <1000,,<500 ,<200 , <1000,,<500 ,<200 , <1000,,<500 ,<200 , <1000,,<500 ,<200 , <1000,,<500 ,<200 , <1000,,-54,
Estonia,<100 ,<100 , <100,"Children estimates were not available at the time of publication.",<100 ,<100 , <100,"Children estimates were not available at the time of publication.",<100 ,<100 , <100,"Children estimates were not available at the time of publication.",<100 ,<100 , <100,"Children estimates were not available at the time of publication.",<100 ,<100 , <100,"Children estimates were not available at the time of publication.",<100 ,<100 , <100,"Children estimates were not available at the time of publication.",<100 ,<100 , <100,"Children estimates were not available at the time of publication.",<100 ,<100 , <100,"Children estimates were not available at the time of publication.",<100 ,<100 , <100,"Children estimates were not available at the time of publication.",<100 ,<100 , <100,"Children estimates were not available at the time of publication.",<100 ,<100 , <100,"Children estimates were not available at the time of publication.",<100 ,<100 , <100,"Children estimates were not available at the time of publication.",<100 ,<100 , <100,"Children estimates were not available at the time of publication.",2,"Children estimates were not available at the time of publication."
Eswatini,6000 ,5200 , 7000,,5100 ,4400 , 6100,,4700 ,4000 , 5800,,4500 ,3800 , 5400,,4400 ,3800 , 5100,,4200 ,3700 , 4800,,3900 ,3400 , 4500,,3200 ,2800 , 3800,,2900 ,2500 , 3500,,3100 ,2700 , 3700,,3100 ,2600 , 3700,,2700 ,2300 , 3200,,2700 ,2300 , 3200,,-55,
Ethiopia,27 000 ,16 000 , 47 000,,22 000 ,14 000 , 40 000,,19 000 ,12 000 , 34 000,,18 000 ,11 000 , 31 000,,18 000 ,11 000 , 31 000,,17 000 ,10 000 , 30 000,,16 000 ,9900 , 29 000,,16 000 ,9600 , 28 000,,15 000 ,9200 , 27 000,,15 000 ,8800 , 26 000,,13 000 ,8100 , 24 000,,12 000 ,7400 , 22 000,,11 000 ,6900 , 20 000,,-57,
Fiji,<100 ,<100 , <100,,<100 ,<100 , <100,,<100 ,<100 , <100,,<100 ,<100 , <100,,<100 ,<100 , <100,,<100 ,<100 , <100,,<100 ,<100 , <100,,<100 ,<100 , <100,,<100 ,<100 , <100,,<100 ,<100 , <100,,<100 ,<100 , <200,,<100 ,<100 , <200,,<100 ,<100 , <200,,238,
Finland,... ,... , ...,"Estimates were not available at the time of publication.",... ,... , ...,"Estimates were not available at the time of publication.",... ,... , ...,"Estimates were not available at the time of publication.",... ,... , ...,"Estimates were not available at the time of publication.",... ,... , ...,"Estimates were not available at the time of publication.",... ,... , ...,"Estimates were not available at the time of publication.",... ,... , ...,"Estimates were not available at the time of publication.",... ,... , ...,"Estimates were not available at the time of publication.",... ,... , ...,"Estimates were not available at the time of publication.",... ,... , ...,"Estimates were not available at the time of publication.",... ,... , ...,"Estimates were not available at the time of publication.",... ,... , ...,"Estimates were not available at the time of publication.",... ,... , ...,"Estimates were not available at the time of publication.",...,"Estimates were not available at the time of publication."
France,<1000 ,<500 , <1000,,<1000 ,<500 , <1000,,<1000 ,<500 , 1000,,<1000 ,<500 , 1100,,<1000 ,<500 , 1100,,<1000 ,<500 , <1000,,<1000 ,<500 , <1000,,<1000 ,<500 , <1000,,<1000 ,<500 , <1000,,<1000 ,<500 , 1000,,<1000 ,<500 , 1100,,<1000 ,<1000 , 1200,,<1000 ,<1000 , 1200,,39,
Gabon,2500 ,1800 , 3500,,2500 ,1800 , 3500,,2300 ,1700 , 3300,,2000 ,1400 , 2900,,1800 ,1200 , 2600,,1800 ,1200 , 2600,,1900 ,1200 , 2700,,1900 ,1300 , 2800,,2000 ,1300 , 3000,,2000 ,1300 , 2900,,1900 ,1200 , 2900,,2000 ,1300 , 2900,,1800 ,1200 , 2700,,-30,
Gambia,1500 ,1100 , 2000,,1300 ,<1000 , 1800,,1300 ,<1000 , 1800,,1300 ,<1000 , 1800,,1400 ,<1000 , 1900,,1400 ,<1000 , 2000,,1400 ,<1000 , 2000,,1400 ,<1000 , 1900,,1400 ,<1000 , 2000,,1400 ,<1000 , 1900,,1400 ,<1000 , 2000,,1500 ,<1000 , 2000,,1400 ,<1000 , 1900,,-5,
Georgia,<100 ,<100 , <100,,<100 ,<100 , <100,,<100 ,<100 , <100,,<100 ,<100 , <100,,<100 ,<100 , <100,,<100 ,<100 , <100,,<100 ,<100 , <100,,<100 ,<100 , <100,,<100 ,<100 , <100,,<100 ,<100 , <100,,<100 ,<100 , <100,,<100 ,<100 , <100,,<100 ,<100 , <100,,252,
Germany,<500 ,<500 , <500,,<500 ,<200 , <500,,<500 ,<200 , <500,,<500 ,<200 , <500,,<500 ,<200 , <500,,<500 ,<200 , <500,,<500 ,<200 , <500,,<500 ,<200 , <500,,<500 ,<200 , <500,,<500 ,<200 , <500,,<500 ,<200 , <500,,<500 ,<200 , <500,,... ,... , ...,,...,
Ghana,20 000 ,16 000 , 24 000,,18 000 ,14 000 , 22 000,,16 000 ,13 000 , 20 000,,16 000 ,13 000 , 20 000,,17 000 ,13 000 , 21 000,,17 000 ,13 000 , 21 000,,16 000 ,13 000 , 21 000,,17 000 ,13 000 , 21 000,,16 000 ,13 000 , 20 000,,16 000 ,12 000 , 20 000,,14 000 ,10 000 , 18 000,,11 000 ,8200 , 15 000,,9400 ,6800 , 13 000,,-53,
Greece,<100 ,<100 , <100,"Children estimates were not available at the time of publication.",<100 ,<100 , <100,"Children estimates were not available at the time of publication.",<100 ,<100 , <100,"Children estimates were not available at the time of publication.",<100 ,<100 , <100,"Children estimates were not available at the time of publication.",<100 ,<100 , <100,"Children estimates were not available at the time of publication.",<100 ,<100 , <100,"Children estimates were not available at the time of publication.",<100 ,<100 , <100,"Children estimates were not available at the time of publication.",<100 ,<100 , <100,"Children estimates were not available at the time of publication.",<100 ,<100 , <100,"Children estimates were not available at the time of publication.",<100 ,<100 , <100,"Children estimates were not available at the time of publication.",<100 ,<100 , <100,"Children estimates were not available at the time of publication.",<100 ,<100 , <100,"Children estimates were not available at the time of publication.",<100 ,<100 , <100,"Children estimates were not available at the time of publication.",-9,"Children estimates were not available at the time of publication."
Grenada,<100 ,<100 , <100,,<100 ,<100 , <100,,<100 ,<100 , <100,,<100 ,<100 , <100,,<100 ,<100 , <100,,<100 ,<100 , <100,,<100 ,<100 , <100,,<100 ,<100 , <100,,<100 ,<100 , <100,,<100 ,<100 , <100,,<100 ,<100 , <100,,<100 ,<100 , <100,,<100 ,<100 , <100,,,
Guatemala,<1000 ,<500 , 1200,,<1000 ,<500 , 1200,,<1000 ,<500 , 1100,,<1000 ,<500 , 1000,,<1000 ,<500 , 1000,,<1000 ,<500 , 1100,,<1000 ,<500 , 1200,,<1000 ,<1000 , 1100,,<1000 ,<500 , <1000,,<1000 ,<500 , <1000,,<1000 ,<500 , <1000,,<1000 ,<500 , <1000,,<500 ,<500 , <1000,,-35,
Guinea,4200 ,3300 , 5500,,4100 ,3200 , 5300,,4100 ,3200 , 5300,,4100 ,3200 , 5300,,4500 ,3500 , 5600,,4800 ,3800 , 5900,,5000 ,4000 , 6200,,4900 ,4000 , 6200,,5100 ,4100 , 6300,,4900 ,3900 , 6100,,4300 ,3400 , 5400,,3900 ,3100 , 5000,,3500 ,2800 , 4700,,-16,
Guinea-Bissau,2300 ,2000 , 2800,,2300 ,2000 , 2800,,2100 ,1800 , 2600,,2100 ,1800 , 2500,,2000 ,1700 , 2500,,1900 ,1600 , 2300,,1800 ,1400 , 2200,,1700 ,1400 , 2100,,1700 ,1400 , 2100,,1500 ,1200 , 1900,,1400 ,1100 , 1800,,1400 ,1100 , 1700,,1200 ,<1000 , 1500,,-50,
Guyana,<100 ,<100 , <200,,<100 ,<100 , <200,,<100 ,<100 , <200,,<100 ,<100 , <200,,<100 ,<100 , <200,,<200 ,<100 , <200,,<200 ,<100 , <200,,<200 ,<100 , <200,,<200 ,<100 , <200,,<200 ,<100 , <200,,<200 ,<100 , <200,,<200 ,<100 , <200,,<200 ,<100 , <200,,53,
Haiti,6400 ,5400 , 8000,,6600 ,5600 , 8100,,6000 ,5100 , 7400,,5400 ,4600 , 6800,,5100 ,4300 , 6400,,4900 ,4200 , 6200,,5200 ,4300 , 6500,,4300 ,3700 , 5400,,3200 ,2600 , 4100,,2700 ,2200 , 3500,,2100 ,1700 , 2600,,1700 ,1400 , 2200,,1600 ,1300 , 2100,,-75,
Honduras,1400 ,1200 , 1700,,1400 ,1200 , 1600,,1300 ,1100 , 1500,,1200 ,<1000 , 1400,,1100 ,<1000 , 1300,,1000 ,<1000 , 1200,,<1000 ,<1000 , 1100,,<1000 ,<1000 , 1000,,<1000 ,<1000 , <1000,,<1000 ,<1000 , <1000,,<1000 ,<1000 , <1000,,<1000 ,<500 , <1000,,<1000 ,<500 , <1000,,-62,
Hungary,... ,... , ...,"Estimates were not available at the time of publication.",... ,... , ...,"Estimates were not available at the time of publication.",... ,... , ...,"Estimates were not available at the time of publication.",... ,... , ...,"Estimates were not available at the time of publication.",... ,... , ...,"Estimates were not available at the time of publication.",... ,... , ...,"Estimates were not available at the time of publication.",... ,... , ...,"Estimates were not available at the time of publication.",... ,... , ...,"Estimates were not available at the time of publication.",... ,... , ...,"Estimates were not available at the time of publication.",... ,... , ...,"Estimates were not available at the time of publication.",... ,... , ...,"Estimates were not available at the time of publication.",... ,... , ...,"Estimates were not available at the time of publication.",... ,... , ...,"Estimates were not available at the time of publication.",...,"Estimates were not available at the time of publication."
Iceland,<100 ,<100 , <100,"Children estimates were not available at the time of publication.",<100 ,<100 , <100,"Children estimates were not available at the time of publication.",<100 ,<100 , <100,"Children estimates were not available at the time of publication.",<100 ,<100 , <100,"Children estimates were not available at the time of publication.",<100 ,<100 , <100,"Children estimates were not available at the time of publication.",<100 ,<100 , <100,"Children estimates were not available at the time of publication.",<100 ,<100 , <100,"Children estimates were not available at the time of publication.",<100 ,<100 , <100,"Children estimates were not available at the time of publication.",<100 ,<100 , <100,"Children estimates were not available at the time of publication.",<100 ,<100 , <100,"Children estimates were not available at the time of publication.",<100 ,<100 , <100,"Children estimates were not available at the time of publication.",<100 ,<100 , <100,"Children estimates were not available at the time of publication.",<100 ,<100 , <100,"Children estimates were not available at the time of publication.",47,"Children estimates were not available at the time of publication."
India,,,,,,,,,,,,,,,,,,,,,,,,,,,,,,,,,,,,,,,,,,,,,,,,,40 000 ,26 000 , 62 000,,...,
Indonesia,16 000 ,14 000 , 18 000,,19 000 ,17 000 , 21 000,,21 000 ,19 000 , 24 000,,23 000 ,21 000 , 26 000,,25 000 ,22 000 , 28 000,,26 000 ,23 000 , 29 000,,27 000 ,24 000 , 30 000,,27 000 ,24 000 , 31 000,,28 000 ,24 000 , 31 000,,27 000 ,24 000 , 31 000,,27 000 ,24 000 , 30 000,,27 000 ,24 000 , 31 000,,26 000 ,22 000 , 29 000,,60,
Iran (Islamic Republic of),3000 ,2200 , 4200,,3200 ,2300 , 4400,,3300 ,2400 , 4500,,3300 ,2400 , 4500,,3200 ,2300 , 4400,,3100 ,2200 , 4300,,3000 ,2000 , 4200,,2700 ,1800 , 3900,,2500 ,1700 , 3700,,2300 ,1600 , 3500,,2300 ,1500 , 3500,,2400 ,1600 , 3700,,2300 ,1600 , 3600,,-22,
Iraq,<100 ,<100 , <100,,<100 ,<100 , <100,,<100 ,<100 , <100,,<100 ,<100 , <200,,<100 ,<100 , <200,,<100 ,<100 , <200,,<100 ,<100 , <200,,<100 ,<100 , <200,,<100 ,<100 , <200,,<100 ,<100 , <200,,<100 ,<100 , <200,,<200 ,<100 , <200,,<200 ,<100 , <200,,58,
Ireland,<100 ,<100 , <100,,<100 ,<100 , <100,,<100 ,<100 , <100,,<100 ,<100 , <100,,<100 ,<100 , <100,,<100 ,<100 , <100,,<100 ,<100 , <100,,<100 ,<100 , <100,,<100 ,<100 , <100,,<100 ,<100 , <100,,<100 ,<100 , <100,,<100 ,<100 , <100,,... ,... , ...,,...,
Israel,... ,... , ...,"Estimates were not available at the time of publication.",... ,... , ...,"Estimates were not available at the time of publication.",... ,... , ...,"Estimates were not available at the time of publication.",... ,... , ...,"Estimates were not available at the time of publication.",... ,... , ...,"Estimates were not available at the time of publication.",... ,... , ...,"Estimates were not available at the time of publication.",... ,... , ...,"Estimates were not available at the time of publication.",... ,... , ...,"Estimates were not available at the time of publication.",... ,... , ...,"Estimates were not available at the time of publication.",... ,... , ...,"Estimates were not available at the time of publication.",... ,... , ...,"Estimates were not available at the time of publication.",... ,... , ...,"Estimates were not available at the time of publication.",... ,... , ...,"Estimates were not available at the time of publication.",...,"Estimates were not available at the time of publication."
Italy,<1000 ,<1000 , <1000,"Children estimates were not available at the time of publication.",<1000 ,<1000 , <1000,"Children estimates were not available at the time of publication.",<1000 ,<500 , <1000,"Children estimates were not available at the time of publication.",<1000 ,<500 , <1000,"Children estimates were not available at the time of publication.",<1000 ,<500 , <1000,"Children estimates were not available at the time of publication.",<1000 ,<500 , <1000,"Children estimates were not available at the time of publication.",<1000 ,<500 , <1000,"Children estimates were not available at the time of publication.",<1000 ,<500 , <1000,"Children estimates were not available at the time of publication.",<1000 ,<500 , <1000,"Children estimates were not available at the time of publication.",<1000 ,<500 , <1000,"Children estimates were not available at the time of publication.",<1000 ,<500 , <1000,"Children estimates were not available at the time of publication.",<1000 ,<500 , <1000,"Children estimates were not available at the time of publication.",<1000 ,<500 , <1000,"Children estimates were not available at the time of publication.",-22,"Children estimates were not available at the time of publication."
Jamaica,1000 ,<1000 , 1300,,1100 ,<1000 , 1300,,1100 ,<1000 , 1300,,1000 ,<1000 , 1200,,<1000 ,<1000 , 1200,,<1000 ,<1000 , 1200,,<1000 ,<1000 , 1200,,<1000 ,<1000 , 1100,,<1000 ,<1000 , 1100,,<1000 ,<1000 , <1000,,<1000 ,<1000 , 1100,,1100 ,<1000 , 1300,,1100 ,<1000 , 1300,,4,
Japan,... ,... , ...,"Estimates were not available at the time of publication.",... ,... , ...,"Estimates were not available at the time of publication.",... ,... , ...,"Estimates were not available at the time of publication.",... ,... , ...,"Estimates were not available at the time of publication.",... ,... , ...,"Estimates were not available at the time of publication.",... ,... , ...,"Estimates were not available at the time of publication.",... ,... , ...,"Estimates were not available at the time of publication.",... ,... , ...,"Estimates were not available at the time of publication.",... ,... , ...,"Estimates were not available at the time of publication.",... ,... , ...,"Estimates were not available at the time of publication.",... ,... , ...,"Estimates were not available at the time of publication.",... ,... , ...,"Estimates were not available at the time of publication.",... ,... , ...,"Estimates were not available at the time of publication.",...,"Estimates were not available at the time of publication."
Jordan,<100 ,<100 , <100,,<100 ,<100 , <100,,<100 ,<100 , <100,,<100 ,<100 , <100,,<100 ,<100 , <100,,<100 ,<100 , <100,,<100 ,<100 , <100,,<100 ,<100 , <100,,<100 ,<100 , <100,,<100 ,<100 , <100,,<100 ,<100 , <100,,<100 ,<100 , <100,,<100 ,<100 , <100,,138,
Kazakhstan,... ,... , ...,"Estimates were not available at the time of publication.",... ,... , ...,"Estimates were not available at the time of publication.",... ,... , ...,"Estimates were not available at the time of publication.",... ,... , ...,"Estimates were not available at the time of publication.",... ,... , ...,"Estimates were not available at the time of publication.",... ,... , ...,"Estimates were not available at the time of publication.",... ,... , ...,"Estimates were not available at the time of publication.",... ,... , ...,"Estimates were not available at the time of publication.",... ,... , ...,"Estimates were not available at the time of publication.",... ,... , ...,"Estimates were not available at the time of publication.",... ,... , ...,"Estimates were not available at the time of publication.",... ,... , ...,"Estimates were not available at the time of publication.",... ,... , ...,"Estimates were not available at the time of publication.",...,"Estimates were not available at the time of publication."
Kenya,51 000 ,40 000 , 76 000,,45 000 ,35 000 , 66 000,,40 000 ,32 000 , 60 000,,38 000 ,30 000 , 55 000,,36 000 ,28 000 , 52 000,,32 000 ,25 000 , 47 000,,27 000 ,21 000 , 39 000,,24 000 ,19 000 , 35 000,,20 000 ,16 000 , 30 000,,20 000 ,15 000 , 29 000,,21 000 ,16 000 , 30 000,,21 000 ,17 000 , 32 000,,18 000 ,15 000 , 27 000,,-64,
Kuwait,<100 ,<100 , <100,,<100 ,<100 , <100,,<100 ,<100 , <100,,<100 ,<100 , <100,,<100 ,<100 , <100,,<100 ,<100 , <100,,<100 ,<100 , <100,,<100 ,<100 , <100,,<100 ,<100 , <100,,<100 ,<100 , <100,,<100 ,<100 , <100,,<100 ,<100 , <100,,<100 ,<100 , <100,,125,
Kyrgyzstan,<200 ,<200 , <200,,<200 ,<200 , <200,,<200 ,<200 , <200,,<200 ,<200 , <200,,<200 ,<200 , <200,,<200 ,<200 , <200,,<200 ,<200 , <200,,<200 ,<200 , <200,,<200 ,<200 , <200,,<200 ,<200 , <500,,<200 ,<200 , <500,,<200 ,<200 , <500,,<200 ,<200 , <200,,35,
Lao People's Democratic Republic,<500 ,<200 , <500,,<500 ,<500 , <500,,<500 ,<500 , <500,,<500 ,<500 , <500,,<500 ,<500 , <500,,<500 ,<500 , <500,,<500 ,<500 , <500,,<500 ,<500 , <500,,<500 ,<500 , <500,,<500 ,<500 , <500,,<500 ,<500 , <500,,<500 ,<500 , <500,,<500 ,<500 , <500,,56,
Latvia,<500 ,<200 , <500,"Children estimates were not available at the time of publication.",<500 ,<200 , <500,"Children estimates were not available at the time of publication.",<500 ,<200 , <500,"Children estimates were not available at the time of publication.",<500 ,<200 , <500,"Children estimates were not available at the time of publication.",<500 ,<200 , <500,"Children estimates were not available at the time of publication.",<500 ,<500 , <500,"Children estimates were not available at the time of publication.",<200 ,<200 , <200,"Children estimates were not available at the time of publication.",<100 ,<100 , <100,"Children estimates were not available at the time of publication.",<100 ,<100 , <100,"Children estimates were not available at the time of publication.",<100 ,<100 , <100,"Children estimates were not available at the time of publication.",<100 ,<100 , <100,"Children estimates were not available at the time of publication.",<100 ,<100 , <200,"Children estimates were not available at the time of publication.",<200 ,<200 , <200,"Children estimates were not available at the time of publication.",-35,"Children estimates were not available at the time of publication."
Lebanon,<100 ,<100 , <100,,<100 ,<100 , <100,,<100 ,<100 , <100,,<100 ,<100 , <100,,<100 ,<100 , <100,,<100 ,<100 , <200,,<100 ,<100 , <200,,<100 ,<100 , <200,,<100 ,<100 , <100,,<100 ,<100 , <100,,<100 ,<100 , <100,,<100 ,<100 , <100,,<100 ,<100 , <100,,-25,
Lesotho,7600 ,6300 , 10 000,,7100 ,5700 , 9800,,7300 ,5800 , 10 000,,7400 ,5900 , 10 000,,7400 ,5900 , 10 000,,7200 ,5800 , 10 000,,6500 ,5400 , 8600,,5800 ,4900 , 7500,,5200 ,4300 , 6600,,5000 ,4100 , 6300,,4700 ,3900 , 5900,,4300 ,3600 , 5300,,4000 ,3300 , 5000,,-47,
Liberia,2800 ,2400 , 3400,,2600 ,2200 , 3200,,2600 ,2200 , 3200,,2600 ,2300 , 3200,,2500 ,2200 , 3100,,2500 ,2200 , 3100,,2300 ,2000 , 3000,,2000 ,1700 , 2600,,1600 ,1300 , 2200,,1400 ,1100 , 2000,,1300 ,<1000 , 1800,,1100 ,<1000 , 1600,,<1000 ,<1000 , 1400,,-67,
Libya,<100 ,<100 , <100,,<100 ,<100 , <100,,<100 ,<100 , <100,,<100 ,<100 , <100,,<100 ,<100 , <200,,<100 ,<100 , <100,,<100 ,<100 , <100,,<100 ,<100 , <200,,<100 ,<100 , <200,,<100 ,<100 , <200,,<100 ,<100 , <200,,<100 ,<100 , <200,,<100 ,<100 , <200,,22,
Lithuania,<200 ,<100 , <200,"Children estimates were not available at the time of publication.",<200 ,<100 , <200,"Children estimates were not available at the time of publication.",<200 ,<100 , <200,"Children estimates were not available at the time of publication.",<100 ,<100 , <200,"Children estimates were not available at the time of publication.",<100 ,<100 , <200,"Children estimates were not available at the time of publication.",<100 ,<100 , <200,"Children estimates were not available at the time of publication.",<100 ,<100 , <100,"Children estimates were not available at the time of publication.",<100 ,<100 , <100,"Children estimates were not available at the time of publication.",<100 ,<100 , <100,"Children estimates were not available at the time of publication.",<100 ,<100 , <100,"Children estimates were not available at the time of publication.",<100 ,<100 , <100,"Children estimates were not available at the time of publication.",<100 ,<100 , <100,"Children estimates were not available at the time of publication.",<100 ,<100 , <100,"Children estimates were not available at the time of publication.",-34,"Children estimates were not available at the time of publication."
Luxembourg,<100 ,<100 , <100,"Children estimates were not available at the time of publication.",<100 ,<100 , <100,"Children estimates were not available at the time of publication.",<100 ,<100 , <100,"Children estimates were not available at the time of publication.",<100 ,<100 , <100,"Children estimates were not available at the time of publication.",<100 ,<100 , <100,"Children estimates were not available at the time of publication.",<100 ,<100 , <100,"Children estimates were not available at the time of publication.",<100 ,<100 , <100,"Children estimates were not available at the time of publication.",<100 ,<100 , <100,"Children estimates were not available at the time of publication.",<100 ,<100 , <100,"Children estimates were not available at the time of publication.",<100 ,<100 , <100,"Children estimates were not available at the time of publication.",<100 ,<100 , <100,"Children estimates were not available at the time of publication.",<100 ,<100 , <100,"Children estimates were not available at the time of publication.",<100 ,<100 , <100,"Children estimates were not available at the time of publication.",,
Madagascar,<1000 ,<1000 , 1200,,1000 ,<1000 , 1300,,1200 ,<1000 , 1500,,1400 ,1200 , 1700,,1600 ,1400 , 2000,,1800 ,1500 , 2200,,2100 ,1800 , 2500,,2300 ,2000 , 2700,,2600 ,2200 , 3000,,2700 ,2300 , 3200,,3000 ,2500 , 3600,,3200 ,2700 , 3800,,3200 ,2700 , 4000,,279,
Malawi,36 000 ,31 000 , 42 000,,31 000 ,27 000 , 38 000,,28 000 ,24 000 , 34 000,,24 000 ,20 000 , 29 000,,21 000 ,18 000 , 26 000,,19 000 ,16 000 , 24 000,,18 000 ,16 000 , 23 000,,17 000 ,15 000 , 21 000,,16 000 ,14 000 , 19 000,,14 000 ,12 000 , 17 000,,13 000 ,11 000 , 16 000,,12 000 ,11 000 , 16 000,,12 000 ,10 000 , 15 000,,-67,
Malaysia,3600 ,3000 , 4200,,3700 ,3100 , 4300,,3900 ,3200 , 4500,,4000 ,3400 , 4600,,3800 ,3200 , 4400,,3500 ,3000 , 4000,,2900 ,2500 , 3400,,2500 ,2100 , 2900,,2500 ,2000 , 3000,,2500 ,2000 , 3000,,2400 ,1900 , 2900,,2400 ,1900 , 3000,,2500 ,2000 , 3200,,-29,
Maldives,<100 ,<100 , <100,,<100 ,<100 , <100,,<100 ,<100 , <100,,<100 ,<100 , <100,,<100 ,<100 , <100,,<100 ,<100 , <100,,<100 ,<100 , <100,,<100 ,<100 , <100,,<100 ,<100 , <100,,<100 ,<100 , <100,,<100 ,<100 , <100,,<100 ,<100 , <100,,<100 ,<100 , <100,,,
Mali,5800 ,4400 , 7300,,5500 ,4100 , 7000,,5500 ,4000 , 7100,,5900 ,4400 , 7600,,6200 ,4600 , 7900,,6000 ,4500 , 7700,,5700 ,4200 , 7500,,5600 ,4000 , 7300,,5500 ,3800 , 7200,,5500 ,3800 , 7300,,5400 ,3800 , 7200,,5000 ,3400 , 6800,,4900 ,3200 , 6800,,-16,
Malta,<100 ,<100 , <100,,<100 ,<100 , <100,,<100 ,<100 , <100,,<100 ,<100 , <100,,<100 ,<100 , <100,,<100 ,<100 , <100,,<100 ,<100 , <100,,<100 ,<100 , <100,,<100 ,<100 , <100,,<100 ,<100 , <100,,<100 ,<100 , <100,,<100 ,<100 , <100,,<100 ,<100 , <100,,50,
Mauritania,<1000 ,<500 , <1000,,<1000 ,<500 , <1000,,<1000 ,<500 , <1000,,<1000 ,<500 , <1000,,<1000 ,<500 , <1000,,<1000 ,<500 , <1000,,<1000 ,<500 , <1000,,<500 ,<500 , <1000,,<500 ,<500 , <1000,,<500 ,<500 , <1000,,<500 ,<500 , <1000,,<500 ,<500 , <1000,,<500 ,<500 , <1000,,-31,
Mauritius,... ,... , ...,,... ,... , ...,,... ,... , ...,,... ,... , ...,,... ,... , ...,,... ,... , ...,,... ,... , ...,,... ,... , ...,,... ,... , ...,,... ,... , ...,,... ,... , ...,,... ,... , ...,,... ,... , ...,,...,
Mexico,6000 ,4900 , 7000,,6200 ,5100 , 7300,,6000 ,4800 , 7100,,5900 ,4800 , 7000,,6300 ,5000 , 7400,,5800 ,4600 , 6900,,5300 ,4200 , 6300,,5700 ,4600 , 6800,,5600 ,4500 , 6600,,5300 ,4300 , 6300,,5000 ,4000 , 5900,,4500 ,3600 , 5300,,4600 ,3700 , 5600,,-23,
Mongolia,<100 ,<100 , <100,,<100 ,<100 , <100,,<100 ,<100 , <100,,<100 ,<100 , <100,,<100 ,<100 , <100,,<100 ,<100 , <100,,<100 ,<100 , <100,,<100 ,<100 , <100,,<100 ,<100 , <100,,<100 ,<100 , <100,,<100 ,<100 , <100,,<100 ,<100 , <100,,<100 ,<100 , <100,,50,
Montenegro,<100 ,<100 , <100,,<100 ,<100 , <100,,<100 ,<100 , <100,,<100 ,<100 , <100,,<100 ,<100 , <100,,<100 ,<100 , <100,,<100 ,<100 , <100,,<100 ,<100 , <100,,<100 ,<100 , <100,,<100 ,<100 , <100,,<100 ,<100 , <100,,<100 ,<100 , <100,,<100 ,<100 , <100,,,
Morocco,<1000 ,<1000 , 1100,,<1000 ,<1000 , 1100,,<1000 ,<1000 , 1000,,<1000 ,<1000 , <1000,,<1000 ,<1000 , <1000,,<1000 ,<1000 , <1000,,<1000 ,<500 , <1000,,<1000 ,<500 , <1000,,<1000 ,<500 , <1000,,<1000 ,<500 , <1000,,<500 ,<500 , <1000,,<500 ,<500 , <1000,,<500 ,<500 , <500,,-59,
Mozambique,76 000 ,67 000 , 88 000,,75 000 ,66 000 , 88 000,,77 000 ,68 000 , 90 000,,75 000 ,66 000 , 87 000,,65 000 ,58 000 , 76 000,,56 000 ,50 000 , 67 000,,51 000 ,45 000 , 60 000,,48 000 ,42 000 , 57 000,,47 000 ,40 000 , 57 000,,49 000 ,42 000 , 59 000,,50 000 ,42 000 , 59 000,,50 000 ,44 000 , 58 000,,48 000 ,42 000 , 55 000,,-36,
Myanmar,12 000 ,11 000 , 14 000,,12 000 ,10 000 , 13 000,,11 000 ,9700 , 13 000,,10 000 ,8900 , 12 000,,9800 ,8200 , 11 000,,9100 ,7400 , 11 000,,8300 ,6600 , 10 000,,7700 ,5700 , 10 000,,7400 ,5200 , 9900,,7100 ,4700 , 10 000,,6700 ,4100 , 9700,,5900 ,3800 , 8800,,6400 ,4000 , 9600,,-47,
Namibia,4000 ,3500 , 4900,,3800 ,3400 , 4600,,3700 ,3300 , 4500,,3400 ,3000 , 4200,,3100 ,2700 , 3800,,3400 ,2900 , 4300,,3500 ,3000 , 4300,,3700 ,3200 , 4700,,3700 ,3100 , 4400,,3600 ,3000 , 4300,,3100 ,2600 , 3800,,3000 ,2500 , 3700,,3100 ,2500 , 3700,,-22,
Nepal,1700 ,1400 , 2000,,1600 ,1300 , 1900,,1500 ,1300 , 1800,,1500 ,1200 , 1800,,1400 ,1100 , 1600,,1200 ,1000 , 1500,,1200 ,<1000 , 1400,,1000 ,<1000 , 1300,,<1000 ,<1000 , 1100,,<1000 ,<1000 , <1000,,<1000 ,<500 , <1000,,<500 ,<500 , <1000,,<500 ,<500 , <500,,-80,
Netherlands,<100 ,<100 , <200,"Children estimates were not available at the time of publication.",<100 ,<100 , <200,"Children estimates were not available at the time of publication.",<100 ,<100 , <100,"Children estimates were not available at the time of publication.",<100 ,<100 , <100,"Children estimates were not available at the time of publication.",<100 ,<100 , <100,"Children estimates were not available at the time of publication.",<100 ,<100 , <100,"Children estimates were not available at the time of publication.",<100 ,<100 , <100,"Children estimates were not available at the time of publication.",<100 ,<100 , <100,"Children estimates were not available at the time of publication.",<100 ,<100 , <100,"Children estimates were not available at the time of publication.",<100 ,<100 , <100,"Children estimates were not available at the time of publication.",<100 ,<100 , <100,"Children estimates were not available at the time of publication.",<100 ,<100 , <200,"Children estimates were not available at the time of publication.",... ,... , ...,"Children estimates were not available at the time of publication.",...,"Children estimates were not available at the time of publication."
New Zealand,<100 ,<100 , <100,"Children estimates were not available at the time of publication.",<100 ,<100 , <100,"Children estimates were not available at the time of publication.",<100 ,<100 , <100,"Children estimates were not available at the time of publication.",<100 ,<100 , <100,"Children estimates were not available at the time of publication.",<100 ,<100 , <100,"Children estimates were not available at the time of publication.",<100 ,<100 , <100,"Children estimates were not available at the time of publication.",<100 ,<100 , <100,"Children estimates were not available at the time of publication.",<100 ,<100 , <100,"Children estimates were not available at the time of publication.",<100 ,<100 , <100,"Children estimates were not available at the time of publication.",<100 ,<100 , <100,"Children estimates were not available at the time of publication.",<100 ,<100 , <100,"Children estimates were not available at the time of publication.",<100 ,<100 , <100,"Children estimates were not available at the time of publication.",<100 ,<100 , <100,"Children estimates were not available at the time of publication.",-8,"Children estimates were not available at the time of publication."
Nicaragua,<500 ,<500 , <500,,<500 ,<200 , <500,,<500 ,<200 , <500,,<500 ,<200 , <500,,<500 ,<200 , <500,,<500 ,<200 , <500,,<500 ,<200 , <500,,<500 ,<200 , <500,,<500 ,<200 , <500,,<500 ,<200 , <500,,<500 ,<200 , <500,,<500 ,<200 , <500,,<500 ,<200 , <500,,-6,
Niger,2500 ,2100 , 3100,,2300 ,1900 , 2800,,2100 ,1700 , 2600,,1900 ,1600 , 2300,,1900 ,1600 , 2300,,2000 ,1700 , 2400,,1800 ,1500 , 2100,,1600 ,1400 , 1900,,1400 ,1200 , 1700,,1300 ,1100 , 1500,,1300 ,1100 , 1500,,1200 ,1100 , 1500,,1100 ,<1000 , 1300,,-56,
Nigeria,... ,... , ...,"Estimates were not available at the time of publication.",... ,... , ...,"Estimates were not available at the time of publication.",... ,... , ...,"Estimates were not available at the time of publication.",... ,... , ...,"Estimates were not available at the time of publication.",... ,... , ...,"Estimates were not available at the time of publication.",... ,... , ...,"Estimates were not available at the time of publication.",... ,... , ...,"Estimates were not available at the time of publication.",... ,... , ...,"Estimates were not available at the time of publication.",... ,... , ...,"Estimates were not available at the time of publication.",... ,... , ...,"Estimates were not available at the time of publication.",... ,... , ...,"Estimates were not available at the time of publication.",... ,... , ...,"Estimates were not available at the time of publication.",... ,... , ...,"Estimates were not available at the time of publication.",...,"Estimates were not available at the time of publication."
North Macedonia,<100 ,<100 , <100,,<100 ,<100 , <100,,<100 ,<100 , <100,,<100 ,<100 , <100,,<100 ,<100 , <100,,<100 ,<100 , <100,,<100 ,<100 , <100,,<100 ,<100 , <100,,<100 ,<100 , <100,,<100 ,<100 , <100,,<100 ,<100 , <100,,<100 ,<100 , <100,,<100 ,<100 , <100,,67,
Norway,... ,... , ...,"Estimates were not available at the time of publication.",... ,... , ...,"Estimates were not available at the time of publication.",... ,... , ...,"Estimates were not available at the time of publication.",... ,... , ...,"Estimates were not available at the time of publication.",... ,... , ...,"Estimates were not available at the time of publication.",... ,... , ...,"Estimates were not available at the time of publication.",... ,... , ...,"Estimates were not available at the time of publication.",... ,... , ...,"Estimates were not available at the time of publication.",... ,... , ...,"Estimates were not available at the time of publication.",... ,... , ...,"Estimates were not available at the time of publication.",... ,... , ...,"Estimates were not available at the time of publication.",... ,... , ...,"Estimates were not available at the time of publication.",... ,... , ...,"Estimates were not available at the time of publication.",...,"Estimates were not available at the time of publication."
Oman,<100 ,<100 , <100,,<100 ,<100 , <100,,<100 ,<100 , <100,,<100 ,<100 , <100,,<100 ,<100 , <100,,<100 ,<100 , <100,,<100 ,<100 , <100,,<100 ,<100 , <100,,<100 ,<100 , <100,,<100 ,<100 , <100,,<100 ,<100 , <100,,<100 ,<100 , <100,,<100 ,<100 , <100,,73,
Pakistan,2000 ,1600 , 2400,,2700 ,2200 , 3300,,3500 ,2900 , 4100,,4300 ,3600 , 5000,,5100 ,4300 , 5900,,5900 ,5000 , 6800,,6700 ,5800 , 7700,,7400 ,6400 , 8400,,8000 ,6900 , 9100,,8600 ,7300 , 9800,,9600 ,8300 , 11 000,,11 000 ,9700 , 12 000,,12 000 ,10 000 , 13 000,,494,
Panama,<500 ,<500 , <1000,,<1000 ,<500 , <1000,,<1000 ,<500 , <1000,,<1000 ,<500 , <1000,,<1000 ,<500 , <1000,,<1000 ,<500 , <1000,,<1000 ,<500 , <1000,,<500 ,<500 , <1000,,<500 ,<500 , <1000,,<500 ,<500 , <1000,,<1000 ,<500 , <1000,,<1000 ,<1000 , <1000,,<1000 ,<500 , <1000,,17,
Papua New Guinea,1100 ,<1000 , 1400,,1200 ,<1000 , 1500,,1200 ,<1000 , 1500,,1100 ,<1000 , 1400,,<1000 ,<1000 , 1200,,<1000 ,<1000 , 1100,,<1000 ,<1000 , 1100,,<1000 ,<1000 , 1200,,<1000 ,<1000 , 1200,,<1000 ,<1000 , 1200,,1000 ,<1000 , 1300,,1100 ,<1000 , 1400,,1100 ,<1000 , 1300,,-1,
Paraguay,<200 ,<200 , <200,,<200 ,<200 , <500,,<500 ,<200 , <500,,<500 ,<500 , <500,,<500 ,<500 , <500,,<500 ,<500 , <500,,<500 ,<500 , <500,,<500 ,<500 , <500,,<500 ,<500 , <500,,<500 ,<500 , <500,,<500 ,<500 , <500,,<500 ,<500 , <500,,<500 ,<500 , <500,,137,
Peru,2600 ,2000 , 3300,,2100 ,1600 , 2900,,2000 ,1400 , 2700,,1900 ,1300 , 2700,,2000 ,1300 , 2700,,1900 ,1300 , 2600,,1800 ,1200 , 2400,,1400 ,1100 , 1900,,1200 ,<1000 , 1600,,1100 ,<1000 , 1400,,<1000 ,<1000 , 1300,,<1000 ,<1000 , 1300,,<1000 ,<1000 , 1400,,-62,
Philippines,<500 ,<200 , <500,,<500 ,<200 , <500,,<500 ,<200 , <500,,<500 ,<500 , <500,,<500 ,<500 , <1000,,<500 ,<500 , <1000,,<1000 ,<500 , <1000,,<1000 ,<500 , <1000,,<1000 ,<500 , <1000,,<1000 ,<1000 , 1100,,<1000 ,<1000 , 1300,,1200 ,<1000 , 1600,,1500 ,1000 , 2000,,538,
Poland,<200 ,<200 , <500,,<200 ,<200 , <500,,<200 ,<200 , <500,,<200 ,<200 , <200,,<200 ,<200 , <200,,<200 ,<200 , <200,,<200 ,<200 , <200,,<200 ,<200 , <200,,<200 ,<200 , <200,,<200 ,<200 , <200,,<200 ,<200 , <200,,<200 ,<200 , <200,,... ,... , ...,,...,
Portugal,<1000 ,<1000 , <1000,"Children estimates were not available at the time of publication.",<1000 ,<1000 , <1000,"Children estimates were not available at the time of publication.",<1000 ,<500 , <1000,"Children estimates were not available at the time of publication.",<500 ,<500 , <1000,"Children estimates were not available at the time of publication.",<500 ,<500 , <1000,"Children estimates were not available at the time of publication.",<500 ,<500 , <500,"Children estimates were not available at the time of publication.",<500 ,<500 , <500,"Children estimates were not available at the time of publication.",<500 ,<500 , <500,"Children estimates were not available at the time of publication.",<500 ,<200 , <500,"Children estimates were not available at the time of publication.",<500 ,<200 , <500,"Children estimates were not available at the time of publication.",<500 ,<200 , <500,"Children estimates were not available at the time of publication.",<500 ,<200 , <500,"Children estimates were not available at the time of publication.",<500 ,<200 , <500,"Children estimates were not available at the time of publication.",-71,"Children estimates were not available at the time of publication."
Qatar,<100 ,<100 , <100,,<100 ,<100 , <100,,<100 ,<100 , <100,,<100 ,<100 , <100,,<100 ,<100 , <100,,<100 ,<100 , <100,,<100 ,<100 , <100,,<100 ,<100 , <100,,<100 ,<100 , <100,,<100 ,<100 , <100,,<100 ,<100 , <100,,<100 ,<100 , <100,,<100 ,<100 , <100,,225,
Republic of Korea,... ,... , ...,"Estimates were not available at the time of publication.",... ,... , ...,"Estimates were not available at the time of publication.",... ,... , ...,"Estimates were not available at the time of publication.",... ,... , ...,"Estimates were not available at the time of publication.",... ,... , ...,"Estimates were not available at the time of publication.",... ,... , ...,"Estimates were not available at the time of publication.",... ,... , ...,"Estimates were not available at the time of publication.",... ,... , ...,"Estimates were not available at the time of publication.",... ,... , ...,"Estimates were not available at the time of publication.",... ,... , ...,"Estimates were not available at the time of publication.",... ,... , ...,"Estimates were not available at the time of publication.",... ,... , ...,"Estimates were not available at the time of publication.",... ,... , ...,"Estimates were not available at the time of publication.",...,"Estimates were not available at the time of publication."
Republic of Moldova,<1000 ,<500 , 1200,,<1000 ,<500 , 1200,,<1000 ,<500 , 1200,,<1000 ,<500 , 1200,,<1000 ,<500 , 1200,,<1000 ,<500 , 1100,,<1000 ,<500 , 1000,,<1000 ,<500 , <1000,,<1000 ,<500 , <1000,,<500 ,<500 , <1000,,<500 ,<500 , <1000,,<1000 ,<500 , <1000,,<500 ,<500 , <1000,,-29,
Romania,<200 ,<200 , <500,"Children estimates were not available at the time of publication.",<200 ,<200 , <500,"Children estimates were not available at the time of publication.",<500 ,<200 , <500,"Children estimates were not available at the time of publication.",<500 ,<200 , <500,"Children estimates were not available at the time of publication.",<500 ,<500 , <500,"Children estimates were not available at the time of publication.",<200 ,<200 , <500,"Children estimates were not available at the time of publication.",<200 ,<200 , <200,"Children estimates were not available at the time of publication.",<200 ,<200 , <200,"Children estimates were not available at the time of publication.",<200 ,<200 , <200,"Children estimates were not available at the time of publication.",<200 ,<200 , <200,"Children estimates were not available at the time of publication.",<200 ,<200 , <200,"Children estimates were not available at the time of publication.",<200 ,<200 , <500,"Children estimates were not available at the time of publication.",<200 ,<200 , <500,"Children estimates were not available at the time of publication.",1,"Children estimates were not available at the time of publication."
Russian Federation,... ,... , ...,"Estimates were not available at the time of publication.",... ,... , ...,"Estimates were not available at the time of publication.",... ,... , ...,"Estimates were not available at the time of publication.",... ,... , ...,"Estimates were not available at the time of publication.",... ,... , ...,"Estimates were not available at the time of publication.",... ,... , ...,"Estimates were not available at the time of publication.",... ,... , ...,"Estimates were not available at the time of publication.",... ,... , ...,"Estimates were not available at the time of publication.",... ,... , ...,"Estimates were not available at the time of publication.",... ,... , ...,"Estimates were not available at the time of publication.",... ,... , ...,"Estimates were not available at the time of publication.",... ,... , ...,"Estimates were not available at the time of publication.",... ,... , ...,"Estimates were not available at the time of publication.",...,"Estimates were not available at the time of publication."
Rwanda,7000 ,5400 , 8800,,6100 ,4600 , 7800,,5500 ,4200 , 7200,,4900 ,3900 , 6400,,4500 ,3600 , 5900,,4200 ,3500 , 5400,,3900 ,3300 , 4900,,3500 ,3100 , 4400,,3200 ,2800 , 4200,,3100 ,2700 , 4100,,2900 ,2400 , 3800,,2700 ,2300 , 3600,,2700 ,2300 , 3300,,-62,
Saint Kitts and Nevis,<100 ,<100 , <100,,<100 ,<100 , <100,,<100 ,<100 , <100,,<100 ,<100 , <100,,<100 ,<100 , <100,,<100 ,<100 , <100,,<100 ,<100 , <100,,<100 ,<100 , <100,,<100 ,<100 , <100,,<100 ,<100 , <100,,<100 ,<100 , <100,,<100 ,<100 , <100,,<100 ,<100 , <100,,,
Sao Tome and Principe,<200 ,<200 , <200,,<200 ,<100 , <200,,<200 ,<100 , <200,,<200 ,<100 , <200,,<100 ,<100 , <200,,<100 ,<100 , <200,,<100 ,<100 , <100,,<100 ,<100 , <100,,<100 ,<100 , <100,,<100 ,<100 , <100,,<100 ,<100 , <100,,<100 ,<100 , <100,,<100 ,<100 , <100,,-83,
Saudi Arabia,<500 ,<500 , <500,,<500 ,<500 , <1000,,<500 ,<500 , <1000,,<500 ,<500 , <1000,,<500 ,<500 , <500,,<500 ,<500 , <500,,<500 ,<200 , <500,,<200 ,<200 , <200,,<200 ,<200 , <200,,<200 ,<100 , <200,,<200 ,<100 , <200,,<200 ,<100 , <200,,<200 ,<100 , <200,,-76,
Senegal,2000 ,1600 , 2500,,2000 ,1700 , 2600,,2200 ,1800 , 2800,,2300 ,1800 , 2900,,2200 ,1800 , 2700,,2000 ,1600 , 2500,,1900 ,1500 , 2300,,1700 ,1400 , 2100,,1600 ,1300 , 1900,,1300 ,1100 , 1600,,1200 ,<1000 , 1500,,1100 ,<1000 , 1300,,<1000 ,<1000 , 1300,,-50,
Serbia,<100 ,<100 , <100,"Children estimates were not available at the time of publication.",<100 ,<100 , <100,"Children estimates were not available at the time of publication.",<100 ,<100 , <100,"Children estimates were not available at the time of publication.",<100 ,<100 , <100,"Children estimates were not available at the time of publication.",<100 ,<100 , <100,"Children estimates were not available at the time of publication.",<100 ,<100 , <100,"Children estimates were not available at the time of publication.",<100 ,<100 , <100,"Children estimates were not available at the time of publication.",<100 ,<100 , <100,"Children estimates were not available at the time of publication.",<100 ,<100 , <100,"Children estimates were not available at the time of publication.",<100 ,<100 , <100,"Children estimates were not available at the time of publication.",<100 ,<100 , <100,"Children estimates were not available at the time of publication.",<100 ,<100 , <100,"Children estimates were not available at the time of publication.",<100 ,<100 , <100,"Children estimates were not available at the time of publication.",100,"Children estimates were not available at the time of publication."
Sierra Leone,4000 ,3200 , 5000,,3800 ,3000 , 4700,,3700 ,2900 , 4600,,3800 ,3100 , 4700,,3900 ,3200 , 4700,,3800 ,3100 , 4600,,3500 ,2800 , 4300,,3300 ,2600 , 4100,,3000 ,2400 , 3700,,2800 ,2200 , 3600,,2700 ,2100 , 3500,,2500 ,1900 , 3200,,2300 ,1800 , 2900,,-42,
Singapore,... ,... , ...,"Estimates were not available at the time of publication.",... ,... , ...,"Estimates were not available at the time of publication.",... ,... , ...,"Estimates were not available at the time of publication.",... ,... , ...,"Estimates were not available at the time of publication.",... ,... , ...,"Estimates were not available at the time of publication.",... ,... , ...,"Estimates were not available at the time of publication.",... ,... , ...,"Estimates were not available at the time of publication.",... ,... , ...,"Estimates were not available at the time of publication.",... ,... , ...,"Estimates were not available at the time of publication.",... ,... , ...,"Estimates were not available at the time of publication.",... ,... , ...,"Estimates were not available at the time of publication.",... ,... , ...,"Estimates were not available at the time of publication.",... ,... , ...,"Estimates were not available at the time of publication.",...,"Estimates were not available at the time of publication."
Slovakia,<100 ,<100 , <100,"Children estimates were not available at the time of publication.",<100 ,<100 , <100,"Children estimates were not available at the time of publication.",<100 ,<100 , <100,"Children estimates were not available at the time of publication.",<100 ,<100 , <100,"Children estimates were not available at the time of publication.",<100 ,<100 , <100,"Children estimates were not available at the time of publication.",<100 ,<100 , <100,"Children estimates were not available at the time of publication.",<100 ,<100 , <100,"Children estimates were not available at the time of publication.",<100 ,<100 , <100,"Children estimates were not available at the time of publication.",<100 ,<100 , <100,"Children estimates were not available at the time of publication.",<100 ,<100 , <100,"Children estimates were not available at the time of publication.",<100 ,<100 , <100,"Children estimates were not available at the time of publication.",<100 ,<100 , <100,"Children estimates were not available at the time of publication.",<100 ,<100 , <100,"Children estimates were not available at the time of publication.",-40,"Children estimates were not available at the time of publication."
Slovenia,... ,... , ...,"Children estimates were not available at the time of publication.",... ,... , ...,"Children estimates were not available at the time of publication.",... ,... , ...,"Children estimates were not available at the time of publication.",... ,... , ...,"Children estimates were not available at the time of publication.",... ,... , ...,"Children estimates were not available at the time of publication.",... ,... , ...,"Children estimates were not available at the time of publication.",... ,... , ...,"Children estimates were not available at the time of publication.",... ,... , ...,"Children estimates were not available at the time of publication.",... ,... , ...,"Children estimates were not available at the time of publication.",... ,... , ...,"Children estimates were not available at the time of publication.",... ,... , ...,"Children estimates were not available at the time of publication.",... ,... , ...,"Children estimates were not available at the time of publication.",... ,... , ...,"Children estimates were not available at the time of publication.",...,"Children estimates were not available at the time of publication."
Somalia,... ,... , ...,"Estimates were not available at the time of publication.",... ,... , ...,"Estimates were not available at the time of publication.",... ,... , ...,"Estimates were not available at the time of publication.",... ,... , ...,"Estimates were not available at the time of publication.",... ,... , ...,"Estimates were not available at the time of publication.",... ,... , ...,"Estimates were not available at the time of publication.",... ,... , ...,"Estimates were not available at the time of publication.",... ,... , ...,"Estimates were not available at the time of publication.",... ,... , ...,"Estimates were not available at the time of publication.",... ,... , ...,"Estimates were not available at the time of publication.",... ,... , ...,"Estimates were not available at the time of publication.",... ,... , ...,"Estimates were not available at the time of publication.",... ,... , ...,"Estimates were not available at the time of publication.",...,"Estimates were not available at the time of publication."
South Africa,150 000 ,75 000 , 280 000,,120 000 ,62 000 , 230 000,,100 000 ,55 000 , 190 000,,87 000 ,49 000 , 170 000,,77 000 ,45 000 , 150 000,,72 000 ,44 000 , 140 000,,69 000 ,44 000 , 130 000,,62 000 ,41 000 , 120 000,,55 000 ,39 000 , 110 000,,51 000 ,36 000 , 97 000,,48 000 ,34 000 , 92 000,,45 000 ,32 000 , 90 000,,45 000 ,31 000 , 90 000,,-70,
South Sudan,13 000 ,9900 , 18 000,,14 000 ,10 000 , 18 000,,14 000 ,11 000 , 19 000,,14 000 ,11 000 , 19 000,,14 000 ,11 000 , 19 000,,13 000 ,9600 , 17 000,,12 000 ,9300 , 17 000,,11 000 ,8300 , 15 000,,9700 ,6900 , 14 000,,8900 ,6200 , 13 000,,8500 ,5800 , 12 000,,7900 ,5300 , 11 000,,7600 ,5000 , 11 000,,-42,
Spain,1200 ,<1000 , 1400,,1000 ,<1000 , 1200,,<1000 ,<1000 , 1100,,<1000 ,<1000 , 1000,,<1000 ,<1000 , <1000,,<1000 ,<1000 , <1000,,<1000 ,<1000 , <1000,,<1000 ,<1000 , <1000,,<1000 ,<1000 , <1000,,<1000 ,<1000 , <1000,,<1000 ,<1000 , <1000,,<1000 ,<1000 , <1000,,<1000 ,<1000 , <1000,,-45,
Sri Lanka,<500 ,<500 , <500,,<500 ,<500 , <500,,<500 ,<500 , <500,,<500 ,<500 , <500,,<500 ,<500 , <500,,<500 ,<500 , <500,,<500 ,<200 , <500,,<200 ,<200 , <500,,<200 ,<200 , <200,,<200 ,<200 , <200,,<200 ,<100 , <200,,<100 ,<100 , <200,,<100 ,<100 , <100,,-73,
Sudan,1700 ,1200 , 2300,,1800 ,1300 , 2400,,1900 ,1400 , 2400,,1900 ,1500 , 2400,,1900 ,1500 , 2400,,1900 ,1600 , 2400,,1900 ,1500 , 2400,,1800 ,1400 , 2200,,1700 ,1400 , 2200,,1700 ,1400 , 2100,,1700 ,1300 , 2100,,1800 ,1400 , 2200,,1900 ,1500 , 2500,,15,
Suriname,<200 ,<200 , <500,,<200 ,<200 , <500,,<200 ,<200 , <500,,<200 ,<200 , <500,,<200 ,<200 , <500,,<200 ,<200 , <500,,<200 ,<200 , <500,,<200 ,<200 , <500,,<200 ,<200 , <500,,<200 ,<200 , <500,,<200 ,<200 , <500,,<200 ,<200 , <500,,<500 ,<200 , <500,,19,
Sweden,... ,... , ...,"Estimates were not available at the time of publication.",... ,... , ...,"Estimates were not available at the time of publication.",... ,... , ...,"Estimates were not available at the time of publication.",... ,... , ...,"Estimates were not available at the time of publication.",... ,... , ...,"Estimates were not available at the time of publication.",... ,... , ...,"Estimates were not available at the time of publication.",... ,... , ...,"Estimates were not available at the time of publication.",... ,... , ...,"Estimates were not available at the time of publication.",... ,... , ...,"Estimates were not available at the time of publication.",... ,... , ...,"Estimates were not available at the time of publication.",... ,... , ...,"Estimates were not available at the time of publication.",... ,... , ...,"Estimates were not available at the time of publication.",... ,... , ...,"Estimates were not available at the time of publication.",...,"Estimates were not available at the time of publication."
Switzerland,... ,... , ...,,... ,... , ...,,... ,... , ...,,... ,... , ...,,... ,... , ...,,... ,... , ...,,... ,... , ...,,... ,... , ...,,... ,... , ...,,... ,... , ...,,... ,... , ...,,... ,... , ...,,... ,... , ...,,...,
Syrian Arab Republic,<100 ,<100 , <100,,<100 ,<100 , <100,,<100 ,<100 , <100,,<100 ,<100 , <100,,<100 ,<100 , <100,,<100 ,<100 , <100,,<100 ,<100 , <100,,<100 ,<100 , <100,,<100 ,<100 , <100,,<100 ,<100 , <100,,<100 ,<100 , <100,,<100 ,<100 , <100,,<100 ,<100 , <100,,-32,
Tajikistan,<100 ,<100 , <100,,<100 ,<100 , <100,,<100 ,<100 , <100,,<100 ,<100 , <100,,<100 ,<100 , <100,,<100 ,<100 , <100,,<100 ,<100 , <100,,<100 ,<100 , <100,,<100 ,<100 , <100,,<100 ,<100 , <200,,<200 ,<100 , <200,,<200 ,<200 , <200,,<200 ,<200 , <200,,397,
Thailand,31 000 ,24 000 , 39 000,,28 000 ,21 000 , 35 000,,26 000 ,20 000 , 33 000,,25 000 ,19 000 , 31 000,,23 000 ,18 000 , 29 000,,21 000 ,16 000 , 26 000,,19 000 ,15 000 , 24 000,,17 000 ,13 000 , 22 000,,16 000 ,12 000 , 20 000,,15 000 ,12 000 , 19 000,,13 000 ,11 000 , 17 000,,12 000 ,9600 , 15 000,,11 000 ,8800 , 14 000,,-65,
Timor-Leste,<100 ,<100 , <100,,<100 ,<100 , <100,,<100 ,<100 , <100,,<100 ,<100 , <100,,<100 ,<100 , <100,,<100 ,<100 , <100,,<100 ,<100 , <100,,<100 ,<100 , <100,,<100 ,<100 , <100,,<100 ,<100 , <100,,<100 ,<100 , <100,,<100 ,<100 , <100,,<100 ,<100 , <100,,-34,
Togo,6800 ,5200 , 8900,,5900 ,4300 , 7700,,5600 ,4000 , 7400,,5400 ,4000 , 7200,,5200 ,3800 , 7000,,5000 ,3700 , 6800,,4500 ,3300 , 6100,,4100 ,3100 , 5600,,3600 ,2700 , 5000,,3100 ,2300 , 4300,,2800 ,2000 , 3900,,2500 ,1800 , 3700,,2400 ,1700 , 3600,,-64,
Trinidad and Tobago,<500 ,<500 , <500,,<500 ,<500 , <500,,<500 ,<200 , <500,,<500 ,<200 , <500,,<500 ,<200 , <500,,<500 ,<200 , <500,,<500 ,<200 , <500,,<500 ,<500 , <500,,<500 ,<500 , <500,,<500 ,<200 , <500,,<500 ,<200 , <500,,<500 ,<500 , <500,,<500 ,<500 , <500,,2,
Tunisia,<200 ,<200 , <500,,<500 ,<200 , <500,,<500 ,<200 , <500,,<500 ,<200 , <500,,<500 ,<200 , <500,,<500 ,<500 , <500,,<500 ,<500 , <1000,,<500 ,<500 , <1000,,<500 ,<500 , <1000,,<500 ,<500 , <1000,,<500 ,<500 , <1000,,<500 ,<500 , <1000,,<500 ,<500 , <1000,,94,
Turkmenistan,... ,... , ...,"Estimates were not available at the time of publication.",... ,... , ...,"Estimates were not available at the time of publication.",... ,... , ...,"Estimates were not available at the time of publication.",... ,... , ...,"Estimates were not available at the time of publication.",... ,... , ...,"Estimates were not available at the time of publication.",... ,... , ...,"Estimates were not available at the time of publication.",... ,... , ...,"Estimates were not available at the time of publication.",... ,... , ...,"Estimates were not available at the time of publication.",... ,... , ...,"Estimates were not available at the time of publication.",... ,... , ...,"Estimates were not available at the time of publication.",... ,... , ...,"Estimates were not available at the time of publication.",... ,... , ...,"Estimates were not available at the time of publication.",... ,... , ...,"Estimates were not available at the time of publication.",...,"Estimates were not available at the time of publication."
TÃ¼rkiye,... ,... , ...,"Estimates were not available at the time of publication.",... ,... , ...,"Estimates were not available at the time of publication.",... ,... , ...,"Estimates were not available at the time of publication.",... ,... , ...,"Estimates were not available at the time of publication.",... ,... , ...,"Estimates were not available at the time of publication.",... ,... , ...,"Estimates were not available at the time of publication.",... ,... , ...,"Estimates were not available at the time of publication.",... ,... , ...,"Estimates were not available at the time of publication.",... ,... , ...,"Estimates were not available at the time of publication.",... ,... , ...,"Estimates were not available at the time of publication.",... ,... , ...,"Estimates were not available at the time of publication.",... ,... , ...,"Estimates were not available at the time of publication.",... ,... , ...,"Estimates were not available at the time of publication.",...,"Estimates were not available at the time of publication."
Uganda,48 000 ,42 000 , 56 000,,44 000 ,38 000 , 52 000,,39 000 ,33 000 , 48 000,,34 000 ,29 000 , 42 000,,30 000 ,26 000 , 37 000,,26 000 ,23 000 , 33 000,,24 000 ,20 000 , 32 000,,23 000 ,19 000 , 30 000,,21 000 ,18 000 , 27 000,,19 000 ,16 000 , 25 000,,18 000 ,14 000 , 24 000,,17 000 ,14 000 , 24 000,,17 000 ,14 000 , 24 000,,-64,
Ukraine,... ,... , ...,"Estimates were not available at the time of publication.",... ,... , ...,"Estimates were not available at the time of publication.",... ,... , ...,"Estimates were not available at the time of publication.",... ,... , ...,"Estimates were not available at the time of publication.",... ,... , ...,"Estimates were not available at the time of publication.",... ,... , ...,"Estimates were not available at the time of publication.",... ,... , ...,"Estimates were not available at the time of publication.",... ,... , ...,"Estimates were not available at the time of publication.",... ,... , ...,"Estimates were not available at the time of publication.",... ,... , ...,"Estimates were not available at the time of publication.",... ,... , ...,"Estimates were not available at the time of publication.",... ,... , ...,"Estimates were not available at the time of publication.",... ,... , ...,"Estimates were not available at the time of publication.",...,"Estimates were not available at the time of publication."
United Arab Emirates,<100 ,<100 , <100,,<100 ,<100 , <100,,<100 ,<100 , <100,,<100 ,<100 , <100,,<100 ,<100 , <100,,<100 ,<100 , <100,,<100 ,<100 , <100,,<100 ,<100 , <100,,<100 ,<100 , <100,,<100 ,<100 , <100,,<100 ,<100 , <100,,<100 ,<100 , <100,,<100 ,<100 , <100,,-15,
United Kingdom,... ,... , ...,"Estimates were not available at the time of publication.",... ,... , ...,"Estimates were not available at the time of publication.",... ,... , ...,"Estimates were not available at the time of publication.",... ,... , ...,"Estimates were not available at the time of publication.",... ,... , ...,"Estimates were not available at the time of publication.",... ,... , ...,"Estimates were not available at the time of publication.",... ,... , ...,"Estimates were not available at the time of publication.",... ,... , ...,"Estimates were not available at the time of publication.",... ,... , ...,"Estimates were not available at the time of publication.",... ,... , ...,"Estimates were not available at the time of publication.",... ,... , ...,"Estimates were not available at the time of publication.",... ,... , ...,"Estimates were not available at the time of publication.",... ,... , ...,"Estimates were not available at the time of publication.",...,"Estimates were not available at the time of publication."
United Republic of Tanzania,68 000 ,60 000 , 82 000,,65 000 ,57 000 , 79 000,,57 000 ,49 000 , 72 000,,47 000 ,39 000 , 60 000,,42 000 ,35 000 , 54 000,,38 000 ,32 000 , 49 000,,36 000 ,30 000 , 47 000,,34 000 ,29 000 , 45 000,,31 000 ,27 000 , 40 000,,30 000 ,26 000 , 39 000,,29 000 ,25 000 , 35 000,,25 000 ,21 000 , 29 000,,22 000 ,19 000 , 26 000,,-67,
United States,... ,... , ...,,... ,... , ...,,... ,... , ...,,... ,... , ...,,... ,... , ...,,... ,... , ...,,... ,... , ...,,... ,... , ...,,... ,... , ...,,... ,... , ...,,... ,... , ...,,... ,... , ...,,... ,... , ...,,...,
Uruguay,<500 ,<200 , <500,,<200 ,<200 , <500,,<500 ,<200 , <500,,<500 ,<200 , <500,,<200 ,<200 , <200,,<200 ,<200 , <500,,<200 ,<200 , <500,,<500 ,<200 , <500,,<200 ,<200 , <500,,<200 ,<200 , <500,,<500 ,<200 , <500,,<200 ,<200 , <500,,<200 ,<200 , <500,,-22,
Uzbekistan,... ,... , ...,,... ,... , ...,,... ,... , ...,,... ,... , ...,,... ,... , ...,,... ,... , ...,,... ,... , ...,,... ,... , ...,,... ,... , ...,,... ,... , ...,,... ,... , ...,,... ,... , ...,,... ,... , ...,,...,
Venezuela (Bolivarian Republic of),2300 ,1900 , 2900,,2300 ,1800 , 2800,,2400 ,1900 , 3000,,2600 ,2000 , 3300,,3000 ,2400 , 3700,,2600 ,2200 , 3100,,2200 ,1800 , 2600,,3000 ,2400 , 3700,,4400 ,3700 , 5200,,4400 ,3800 , 5000,,2400 ,2100 , 2800,,1800 ,1500 , 2100,,1500 ,1300 , 1900,,-33,
Viet Nam,6000 ,4300 , 8000,,6000 ,4300 , 7900,,5800 ,4100 , 7800,,5500 ,3800 , 7400,,5200 ,3500 , 7100,,4800 ,3300 , 6700,,4600 ,3200 , 6400,,5100 ,3500 , 6900,,5300 ,3700 , 7000,,5000 ,3600 , 6600,,4700 ,3400 , 6200,,4300 ,3100 , 5800,,4100 ,3000 , 5500,,-32,
Yemen,<500 ,<200 , <500,,<200 ,<200 , <500,,<500 ,<200 , <500,,<500 ,<500 , <500,,<500 ,<500 , <500,,<500 ,<500 , <500,,<500 ,<500 , <500,,<500 ,<500 , <500,,<500 ,<500 , <500,,<500 ,<500 , <500,,<500 ,<500 , <500,,<500 ,<500 , <500,,<500 ,<500 , <500,,59,
Zambia,31 000 ,27 000 , 37 000,,30 000 ,26 000 , 36 000,,28 000 ,25 000 , 34 000,,27 000 ,24 000 , 32 000,,26 000 ,23 000 , 31 000,,25 000 ,22 000 , 30 000,,23 000 ,20 000 , 27 000,,23 000 ,19 000 , 28 000,,25 000 ,22 000 , 30 000,,25 000 ,22 000 , 29 000,,23 000 ,21 000 , 27 000,,20 000 ,17 000 , 23 000,,19 000 ,17 000 , 23 000,,-39,
Zimbabwe,57 000 ,47 000 , 68 000,,45 000 ,37 000 , 54 000,,38 000 ,32 000 , 46 000,,34 000 ,28 000 , 41 000,,31 000 ,25 000 , 37 000,,29 000 ,24 000 , 35 000,,28 000 ,23 000 , 34 000,,27 000 ,22 000 , 33 000,,25 000 ,21 000 , 30 000,,24 000 ,19 000 , 28 000,,23 000 ,19 000 , 27 000,,21 000 ,17 000 , 25 000,,20 000 ,17 000 , 24 000,,-64,
Global,1 300 000 ,970 000,1 800 000,,1 200 000 ,900 000,1 700 000,,1 100 000 ,840 000,1 500 000,,1 000 000 ,780 000,1 400 000,,950 000 ,720 000,1 300 000,,900 000 ,690 000,1 300 000,,850 000 ,650 000,1 200 000,,800 000 ,610 000,1 100 000,,760 000 ,580 000,1 100 000,,720 000 ,550 000,1 000 000,,690 000 ,520 000,960 000,,660 000 ,500 000,920 000,,630 000 ,480 000,880 000,,-51,